d, <v>, Mq, Gq, Aq, R44TOR, detourTOR
0.5,0.36156909260357534,126.87152777777777,3.0340277777777778,683.9791666666666,244.0,3080.923076923077
