d, <v>, Mq, Gq, Aq, R44TOR, detourTOR
0.99,1.1595134493670887,1.5986111111111112,2.827777777777778,262.21736111111113,60.60655737704918,315.44973544973544
