d, <v>, Mq, Gq, Aq, R44TOR, detourTOR
0.99,0.9923510935318753,1.823611111111111,2.5527777777777776,266.1041666666667,72.33898305084746,21.356756756756756
