d, <v>, Mq, Gq, Aq, R44TOR, detourTOR
0.0,1.013814408953136,161.40208333333334,2.520138888888889,3.972916666666667,5.768965517241379,NaN
0.05,0.3366397614185225,136.4638888888889,2.645138888888889,676.8625,1.8598726114649682,3145.5757575757575
